"edo_min","nombre_distrito","cve_edo","cve_dtto","cve_edo_dtto","pan","pri","prd","pvem","pt","movimiento_ciudadano","nueva_alianza","morena","encuentro_social","pan_prd_mc","pan_prd","pan_mc","prd_mc","pri_pvem_na","pri_pvem","pri_na","pvem_na","pt_morena_pes","pt_morena","pt_pes","morena_pes","cand_ind_01","cand_ind_02","cnr","vn","total_votos_calculados","lista_nominal_casilla","v_meade","v_amlo","v_anaya","v_bronco","v_nulos_bis","v_validos"
"Aguascalientes","JESUS MARIA","01","01","0101",47710,30783,3939,3027,8890,1520,3085,56027,3150,937,410,192,33,278,276,149,39,1953,697,152,561,211,9284,97,5358,178758,306488,37637,71430,54741,9284,5569,173189
"Aguascalientes","AGUASCALIENTES","01","02","0102",40125,26857,1993,1466,7406,1428,1628,62643,3540,832,198,172,38,354,271,126,39,2550,763,137,654,131,14499,99,4632,172581,304756,30741,77693,44786,14499,4763,167818
"Aguascalientes","AGUASCALIENTES","01","03","0103",74267,31143,1502,1722,7259,1455,1432,58887,2986,1326,365,236,21,464,308,124,23,2443,714,142,511,205,16490,190,4715,208930,332204,35216,72942,79172,16490,4920,204010
"Baja California","MEXICALI","02","01","0201",34027,11708,1630,1385,7559,1593,953,89679,3722,930,219,258,31,304,318,71,43,4264,1279,212,1080,56,11352,74,3770,176517,334181,14782,107795,38688,11352,3826,172691
"Baja California","MEXICALI","02","02","0202",38591,16391,1409,1126,6878,1631,831,83526,3352,1291,299,343,28,472,459,112,85,4264,1229,263,1049,155,14055,283,3352,181474,336298,19476,100561,43592,14055,3507,177967
"Baja California","ENSENADA","02","03","0203",28926,13959,2406,1155,12134,1297,923,92633,3215,937,294,212,44,351,347,100,45,4689,1960,274,1035,7,13058,171,4080,184252,330058,16880,115940,34116,13058,4087,180165
"Baja California","TIJUANA","02","04","0204",17935,8001,1417,818,9996,1218,872,114645,3191,539,153,162,23,166,190,47,44,4395,1656,211,991,21,8955,57,3089,178792,344424,10138,135085,21447,8955,3110,175682
"Baja California","TIJUANA","02","05","0205",39321,13613,1339,1008,8281,1369,760,96944,2989,1103,248,304,28,350,330,74,49,4038,1432,208,942,78,12217,269,3165,190459,355396,16184,114834,43712,12217,3243,187216
"Baja California","TIJUANA","02","06","0206",31623,14326,1411,1163,7949,1378,776,92759,3497,919,241,231,28,372,435,66,21,4111,1344,183,1081,125,10929,110,3720,178798,338791,17159,110924,35831,10929,3845,174953
"Baja California","MEXICALI","02","07","0207",26229,13284,1905,1216,8810,1656,1150,87586,3862,781,190,285,47,278,333,60,40,4096,1347,198,931,32,10181,117,3548,168162,344373,16361,106830,31093,10181,3580,164582
"Baja California","TIJUANA","02","08","0208",22045,10928,1562,999,8720,1845,665,106374,3530,740,163,232,23,207,306,43,17,4459,1462,214,1265,5,9039,166,3449,178458,348046,13165,126024,26610,9039,3454,175004
"Baja California Sur","LA PAZ","03","01","0301",29931,15505,698,1306,8183,893,2022,87605,4208,757,286,180,18,391,315,96,38,3852,1090,295,1861,211,10413,156,3998,174308,277795,19673,107094,32763,10413,4209,170099
"Baja California Sur","SAN JOSE DEL CABO","03","02","0302",21850,6120,710,1490,15913,560,456,63408,1966,512,193,120,48,159,236,41,19,2607,1767,224,767,193,6352,79,2644,128434,238351,8521,86652,23993,6352,2837,125597
"Campeche","SAN FRANCISCO DE CAMPECHE","04","01","0401",24327,49124,2354,1803,17630,1831,2206,107397,6660,527,230,564,64,2469,1349,327,36,4169,1602,233,943,168,6312,113,5616,238054,321907,57314,138634,29897,6312,5784,232270
"Campeche","CIUDAD DEL CARMEN","04","02","0402",19387,33165,2590,1146,12321,1498,1354,113375,3039,559,199,187,69,2208,1076,228,79,4727,1634,211,1158,41,4881,33,6117,211282,320149,39256,136465,24489,4881,6158,205124
"Coahuila","PIEDRAS NEGRAS","05","01","0501",36910,39954,2328,1319,11179,2548,890,69088,3250,531,220,424,58,360,523,102,36,1813,753,161,593,0,9297,89,3918,186344,316626,43184,86837,43019,9297,3918,182426
"Coahuila","SAN PEDRO","05","02","0502",31500,50412,1708,1706,9838,2898,1189,74329,3577,409,202,370,24,436,532,129,29,2174,703,142,581,173,6252,43,4076,193432,299448,54433,91344,37111,6252,4249,189183
"Coahuila","MONCLOVA","05","03","0503",39645,42325,2557,897,10944,1581,1184,78506,2561,459,147,312,33,359,377,93,22,1564,751,126,383,111,11002,118,3438,199495,313766,45257,94835,44734,11002,3549,195946
"Coahuila","SALTILLO","05","04","0504",49483,50779,989,1351,7908,965,1267,60524,2360,877,173,222,19,703,847,165,24,2282,653,136,462,78,14945,36,3413,200661,316909,55136,74325,52728,14945,3491,197170
"Coahuila","TORREON","05","05","0505",54741,46733,821,1135,6659,681,1091,75364,2520,843,238,251,8,461,1108,95,18,2284,711,98,568,152,10404,50,2721,209755,302651,50641,88204,57583,10404,2873,206882
"Coahuila","TORREON","05","06","0506",31159,46989,1003,1395,6055,765,1224,80686,2912,444,111,129,10,372,586,107,35,2044,584,106,603,95,7543,46,2773,187776,290378,50708,92990,33621,7543,2868,184908
"Coahuila","SALTILLO","05","07","0507",34945,53248,1389,2533,9117,1080,1298,64336,2864,520,150,165,21,721,868,147,37,2396,698,147,521,121,11574,50,4002,192948,314320,58852,80079,38270,11574,4123,188825
"Colima","COLIMA","06","01","0601",30013,29439,1088,984,10845,2890,1839,81171,3127,723,381,337,40,577,798,207,58,3373,1127,189,617,57,9696,154,4196,183926,277346,33902,100449,35472,9696,4253,179673
"Colima","MANZANILLO","06","02","0602",16871,19577,1465,5488,9638,1673,1011,77765,2710,400,310,115,27,370,1484,73,69,4244,1124,195,749,289,6045,46,4861,156599,253374,28072,96425,20861,6045,5150,151449
"Chiapas","PALENQUE","07","01","0701",5451,13462,2045,26021,12951,3770,3409,83506,5215,183,78,62,54,182,743,136,135,3350,1058,247,881,738,2652,24,14863,181216,247047,44088,107208,11643,2652,15601,165615
"Chiapas","BOCHIL","07","02","0702",7276,35056,7884,27325,13129,3221,2807,62605,4109,157,63,28,39,96,309,79,121,1531,451,138,447,41,1296,44,12617,180869,246405,65793,82410,18668,1296,12658,168211
"Chiapas","OCOSINGO","07","03","0703",3732,15416,1377,32268,9076,3817,6605,65737,2863,170,52,43,37,128,548,99,118,2509,759,141,532,69,1564,94,10213,157967,235285,55182,81617,9228,1564,10282,147685
"Chiapas","PICHUCALCO","07","04","0704",9754,19239,2271,16778,12804,3132,2694,97221,5948,305,93,128,30,439,466,86,133,3462,879,277,969,68,2611,34,10516,190337,258864,39835,121560,15713,2611,10584,179753
"Chiapas","SAN CRISTOBAL DE LAS CASAS","07","05","0705",7351,37445,3858,12244,10948,2413,1513,97439,4372,378,108,76,47,262,364,77,82,4496,1187,194,1018,10,3666,46,9493,199087,276588,51987,119654,14231,3666,9503,189584
"Chiapas","TUXTLA GUTIERREZ","07","06","0706",8785,13324,5553,10462,13174,4978,1436,117736,6449,394,145,105,52,240,425,96,95,5684,1423,326,1319,76,4178,29,7984,204468,308774,26078,146111,20012,4178,8060,196408
"Chiapas","TONALA","07","07","0707",9254,15709,1732,12354,13652,2082,3032,99412,6591,288,115,98,25,171,486,166,164,3716,1226,320,1275,0,3032,38,8847,183785,277171,32082,126192,13594,3032,8847,174938
"Chiapas","COMITAN DE DOMINGUEZ","07","08","0708",7088,25084,2823,22866,16104,2536,4257,92132,5879,264,99,82,56,211,657,200,180,4477,1632,320,1367,343,3699,45,13455,205856,301902,53455,121911,12948,3699,13798,192058
"Chiapas","TUXTLA GUTIERREZ","07","09","0709",11855,10356,682,2204,9192,848,1522,130426,5104,618,109,120,17,447,365,275,73,7622,1904,287,1596,33,5953,71,3813,195492,313545,15242,156131,14249,5953,3846,191646
"Chiapas","VILLAFLORES","07","10","0710",6295,19193,1712,23016,14151,2812,3356,91615,6130,275,75,59,41,321,664,131,316,3891,1114,267,1047,128,2716,36,11845,191206,279402,46997,118215,11269,2716,11973,179233
"Chiapas","LAS MARGARITAS","07","11","0711",3434,20136,18627,36612,11217,1948,1652,44940,3615,171,177,30,88,99,533,84,161,2196,577,166,515,44,1233,12,13407,161674,230721,59277,63226,24475,1233,13451,148223
"Chiapas","TAPACHULA","07","12","0712",12171,17029,1225,7375,9459,1459,1190,114416,5413,456,132,113,34,356,623,107,75,5106,1488,319,1572,77,4836,45,6840,191916,293222,26755,137773,15590,4836,6917,184999
"Chiapas","HUEHUETAN","07","13","0713",7782,25512,5301,14205,21370,2706,5194,71672,4876,323,181,56,79,177,690,153,138,2796,1165,280,827,70,2163,61,13163,180940,272255,46069,102986,16428,2163,13233,167707
"Chihuahua","JUAREZ","08","01","0801",18772,12775,1255,1730,8431,1574,1054,70927,4490,441,72,160,25,164,196,52,27,3092,932,168,838,305,14768,168,4401,146817,294799,15998,88878,22299,14768,4706,142111
"Chihuahua","JUAREZ","08","02","0802",21224,16804,3594,2835,9586,2819,1221,56128,3854,495,232,411,67,211,356,93,61,2777,1090,298,918,42,12129,540,5431,143216,286909,21581,74651,28842,12129,5473,137743
"Chihuahua","JUAREZ","08","03","0803",18018,17896,1262,2016,8157,1979,1639,50255,4199,383,103,216,33,188,245,78,45,2561,915,172,789,47,9810,225,5599,126830,288764,22107,67048,21994,9810,5646,121184
"Chihuahua","JUAREZ","08","04","0804",47825,20727,1027,1911,8212,1660,1240,63401,3549,1037,197,300,56,314,310,119,33,2823,921,201,716,117,19044,191,4795,180726,331502,24654,79823,52102,19044,4912,175814
"Chihuahua","DELICIAS","08","05","0805",48362,27392,2426,1269,11901,1225,4338,58500,3727,650,301,421,37,227,281,161,61,2410,1016,165,630,208,14375,85,5428,185596,322473,33729,78349,53422,14375,5636,179960
"Chihuahua","CHIHUAHUA","08","06","0806",91921,22781,823,1280,6236,1337,1064,54003,2898,1912,375,540,35,391,305,106,33,2304,768,168,595,431,22234,172,3355,216067,347451,25960,66972,96943,22234,3786,212281
"Chihuahua","CUAUHTEMOC","08","07","0807",34382,24764,1880,1616,8172,4021,1486,55884,3711,552,306,562,101,189,309,137,30,2434,944,238,922,116,6293,142,6662,155853,289173,28531,72305,41804,6293,6778,149075
"Chihuahua","CHIHUAHUA","08","08","0808",59458,19996,1087,1374,8158,1246,1259,53286,3113,1417,286,435,33,370,303,112,31,2844,955,208,660,131,21526,86,4347,182721,331730,23445,69224,63962,21526,4478,178243
"Chihuahua","HIDALGO DEL PARRAL","08","09","0809",38281,39113,2260,2696,6392,1721,1484,33615,2566,482,356,446,35,265,755,159,95,1241,481,129,421,207,11985,99,8808,154092,250459,44567,44845,43581,11985,9015,145077
"Ciudad de México","GUSTAVO A. MADERO","09","01","0901",22010,16826,12360,1404,7846,1103,806,115410,4057,1706,550,232,103,557,378,88,41,8855,1779,264,1367,5,8553,72,4837,211209,310869,20100,139578,38064,8553,4842,206367
"Ciudad de México","GUSTAVO A. MADERO","09","02","0902",48229,29458,11677,1500,7501,1450,1190,121598,4067,2434,715,271,105,933,524,125,80,7484,1497,294,1267,229,12237,218,5200,260283,367043,33810,143708,64881,12237,5429,254854
"Ciudad de México","AZCAPOTZALCO","09","03","0903",51400,28760,6826,1742,8985,1690,1136,133496,4090,2795,758,302,127,960,535,146,56,8441,1713,243,1241,149,13232,252,5331,274406,378726,33335,158209,63898,13232,5480,268926
"Ciudad de México","IZTAPALAPA","09","04","0904",21289,14238,13146,994,9228,1368,729,103833,3490,1551,566,170,144,522,324,125,55,7193,1652,249,1018,123,7580,128,4345,194060,280449,16987,126663,38234,7580,4468,189592
"Ciudad de México","TLALPAN","09","05","0905",38421,21353,4119,1593,6348,1209,770,88970,2708,1893,453,219,81,804,465,109,25,6135,1318,178,927,91,7948,167,3766,190070,269909,25119,106584,46395,7948,3857,186213
"Ciudad de México","LA MAGDALENA CONTRERAS","09","06","0906",47624,29037,5593,1422,7297,2184,919,102443,3008,2154,489,245,97,758,653,95,34,6534,1445,231,967,97,7284,179,4574,225363,315711,32918,121925,58386,7284,4671,220692
"Ciudad de México","GUSTAVO A. MADERO","09","07","0907",32260,27286,15904,1575,8137,1616,1005,135968,4276,2533,744,223,174,914,527,133,47,8778,1631,221,1305,52,11560,384,5199,262452,367201,31487,160316,53454,11560,5251,257201
"Ciudad de México","CUAUHTEMOC","09","08","0908",25870,24223,8089,1212,5923,1246,1063,90571,3122,1708,471,181,91,833,459,118,76,6481,1182,209,1097,5,9140,182,4359,187911,278649,27984,108585,37656,9140,4364,183547
"Ciudad de México","TLAHUAC","09","09","0909",19543,16766,5284,1959,8328,1328,936,111779,3264,1509,365,182,79,515,408,116,56,7321,1678,250,1058,49,9671,142,4163,196749,294302,20756,133678,28290,9671,4212,192537
"Ciudad de México","MIGUEL HIDALGO","09","10","0910",68247,28467,3010,1248,6123,1697,1033,88369,2503,2290,515,306,55,929,451,136,66,5286,1265,207,711,57,9473,232,3945,226621,319499,32330,104464,76120,9473,4002,222619
"Ciudad de México","VENUSTIANO CARRANZA","09","11","0911",33030,24251,15755,1133,7257,1231,936,103247,3085,2174,795,236,130,734,383,137,75,6269,1318,217,964,95,10212,161,4415,218240,306332,27649,122357,53351,10212,4510,213730
"Ciudad de México","CUAUHTEMOC","09","12","0912",41675,26713,2898,1157,5358,1216,848,93821,2540,1917,416,181,53,984,455,136,35,5851,1171,115,830,97,9056,277,3808,201608,298033,30328,109686,48356,9056,3905,197703
"Ciudad de México","IZTACALCO","09","13","0913",37996,24601,17199,1433,7712,1600,943,129316,3519,2513,1006,258,143,813,425,133,74,7576,1686,205,1217,954,10132,215,4791,256460,357004,28422,151231,60715,10132,5745,250715
"Ciudad de México","TLALPAN","09","14","0914",31699,19003,4095,1270,6640,1248,815,100494,2739,1565,392,196,79,626,342,91,28,6084,1415,185,1058,88,7213,201,3862,191428,269751,22175,118615,39274,7213,3950,187478
"Ciudad de México","BENITO JUAREZ","09","15","0915",97143,39150,2173,1469,4923,1471,1262,96960,2288,3115,542,378,19,1258,457,155,34,4550,921,171,528,163,9565,422,3917,273034,367723,43785,110341,104841,9565,4080,268954
"Ciudad de México","ALVARO OBREGON","09","16","0916",40364,23115,13511,1274,7848,1428,863,110258,3578,2539,802,237,129,788,411,103,35,7383,1523,226,1050,144,9522,173,5176,232480,326967,26589,131866,59010,9522,5320,227160
"Ciudad de México","CUAJIMALPA DE MORELOS","09","17","0917",53045,27952,8854,1138,8096,1490,816,96852,3657,2108,607,292,121,631,542,83,75,6355,1407,215,1049,92,8174,120,4856,228627,320805,31237,117631,66517,8174,4948,223679
"Ciudad de México","IZTAPALAPA","09","18","0918",35925,22115,15239,1332,9146,1710,930,112974,3695,2053,701,220,149,690,378,87,59,7274,1594,239,1065,97,10241,143,5060,233116,321491,25591,135987,55997,10241,5157,227959
"Ciudad de México","IZTAPALAPA","09","19","0919",24086,18463,14923,1215,9763,1547,811,111370,3571,1759,665,260,127,585,307,94,67,7935,1796,198,1116,86,8734,151,4810,214439,299307,21542,135749,43367,8734,4896,209543
"Ciudad de México","IZTAPALAPA","09","20","0920",19276,17074,17333,1053,8898,1490,766,102632,3605,1463,619,163,176,472,261,84,76,6983,1726,290,1122,0,7897,110,4994,198563,286303,19786,125256,40520,7897,4994,193569
"Ciudad de México","XOCHIMILCO","09","21","0921",18801,18516,4065,1348,10013,3206,765,114550,4058,1574,376,223,102,599,372,132,23,10102,1927,273,1246,134,9698,117,4589,206809,314624,21755,142169,28347,9698,4723,202086
"Ciudad de México","IZTAPALAPA","09","22","0922",13587,11064,20295,1004,9746,1887,731,101618,3372,1316,631,172,206,382,225,65,74,7977,1863,204,1197,112,6165,61,5083,189037,282855,13545,125977,38094,6165,5195,183842
"Ciudad de México","COYOACAN","09","23","0923",47165,26149,18138,1281,8561,1351,1024,126595,3252,2440,899,242,110,824,408,111,44,6804,1620,192,995,26,9245,294,5299,263069,358453,29841,148019,70345,9245,5325,257744
"Ciudad de México","COYOACAN","09","24","0924",52868,29296,11124,1424,7659,1366,1101,107568,3653,2654,974,269,95,976,462,128,55,6539,1396,231,849,109,10462,298,4436,245992,336250,33442,127895,69350,10462,4545,241447
"Durango","VICTORIA DE DURANGO","10","01","1001",39755,35520,1230,4384,16619,1889,1092,46971,3420,883,423,305,33,291,526,103,48,2667,1510,186,553,88,10097,72,4787,173452,315480,41964,71926,44518,10097,4875,168577
"Durango","GOMEZ PALACIO","10","02","1002",36679,29322,1376,1117,10336,1784,1167,79583,4198,827,302,244,30,340,435,73,29,3370,1193,207,935,235,9345,58,3634,186819,322807,32483,99822,41242,9345,3869,182950
"Durango","GUADALUPE VICTORIA","10","03","1003",38800,34361,3604,2576,14583,1485,1181,58805,4579,879,676,242,39,351,637,103,37,2817,1294,205,845,68,7338,39,4810,180354,311975,39246,83128,45725,7338,4878,175476
"Durango","VICTORIA DE DURANGO","10","04","1004",49432,24341,1078,1152,19766,3023,1133,55643,2823,1462,492,489,43,351,369,112,36,3631,1927,249,547,245,19159,44,3534,191081,329417,27494,84586,56019,19159,3779,187302
"Guanajuato","SAN LUIS DE LA PAZ","11","01","1101",43525,23944,2891,5172,6006,3144,1616,33495,2134,682,282,274,42,240,398,72,62,1353,420,142,305,34,13286,69,6657,146245,263698,31504,43855,50840,13286,6691,139554
"Guanajuato","SAN MIGUEL DE ALLENDE","11","02","1102",49916,14271,1672,4459,5240,2779,2059,42726,2219,785,291,306,34,201,274,56,44,1619,504,129,357,118,15136,82,6091,151368,299491,21364,52794,55783,15136,6209,145159
"Guanajuato","LEON","11","03","1103",91411,15223,900,2770,3566,1231,1202,26634,1094,1639,323,380,26,279,396,44,27,1150,385,48,193,238,13659,149,3256,166223,281185,19941,33070,95910,13659,3494,162729
"Guanajuato","GUANAJUATO","11","04","1104",41879,21650,2405,6694,5208,3197,3132,29437,1416,692,259,194,30,305,328,142,70,1253,446,74,191,27,12152,86,4910,136177,263508,32321,38025,48656,12152,4937,131240
"Guanajuato","LEON","11","05","1105",76360,16623,928,3082,4011,1264,802,26747,1216,1543,306,425,12,350,480,61,42,1315,438,56,225,65,13944,49,3779,154123,286821,21440,34008,80838,13944,3844,150279
"Guanajuato","LEON","11","06","1106",73555,17089,1085,2637,3838,1102,788,27432,1204,1488,332,322,37,311,488,61,19,1335,439,70,243,137,12798,151,3247,150208,280288,21393,34561,77921,12798,3384,146824
"Guanajuato","SAN FRANCISCO DEL RINCON","11","07","1107",58571,27978,1524,4759,4963,1257,955,30538,1433,855,267,267,17,231,406,63,58,1222,479,57,264,55,12556,59,4856,153690,300057,34450,38956,62758,12556,4911,148779
"Guanajuato","SALAMANCA","11","08","1108",49437,14453,6096,3084,7965,1467,4102,59894,2572,915,415,206,33,228,199,86,37,2288,794,130,488,114,19989,134,5068,180194,318874,22189,74131,58569,19989,5182,175012
"Guanajuato","IRAPUATO","11","09","1109",49727,18908,1231,2653,4687,1036,952,34363,1510,927,220,228,13,276,289,78,36,1596,548,78,327,73,12761,97,3471,136085,280355,23192,43109,53382,12761,3544,132541
"Guanajuato","URIANGATO","11","10","1110",52445,22275,9085,5600,8490,1483,1394,45457,2324,826,519,188,46,166,243,47,44,1875,661,115,359,208,17215,211,5551,176827,321373,29769,59281,64592,17215,5759,171068
"Guanajuato","LEON","11","11","1111",67312,16449,914,2785,3844,1131,763,26177,1332,1365,448,384,10,305,457,62,25,1330,404,77,232,22,12667,127,2978,141600,266144,20846,33396,71564,12667,3000,138600
"Guanajuato","CELAYA","11","12","1112",59560,15086,1186,2161,5736,1518,1052,47450,1841,1294,254,303,21,293,311,54,32,2014,699,91,394,52,23806,190,3905,169303,317526,18989,58225,64136,23806,3957,165346
"Guanajuato","VALLE DE SANTIAGO","11","13","1113",44579,25795,5642,4041,7712,2571,3015,44844,2321,681,283,208,64,189,213,84,61,1746,637,96,407,277,13119,112,5486,164183,306715,33398,57763,54028,13119,5763,158420
"Guanajuato","ACAMBARO","11","14","1114",40897,20737,4537,7107,5661,5005,1443,44421,2011,713,411,309,67,176,364,52,57,1631,576,94,401,68,13177,107,6351,156373,304179,29936,54795,51939,13177,6419,149954
"Guanajuato","IRAPUATO","11","15","1115",44182,17555,1135,1476,5348,1142,1020,37854,2018,1008,237,217,57,299,283,85,33,1863,551,89,384,167,16793,225,3563,137584,269317,20751,48107,47978,16793,3730,133854
"Guerrero","CD. ALTAMIRANO","12","01","1201",4815,26860,14101,1063,9850,5102,1204,87257,2335,241,235,75,152,264,474,62,28,2354,826,144,607,50,1610,21,6973,166703,262304,29955,103373,24721,1610,7023,159680
"Guerrero","IGUALA","12","02","1202",18622,27075,5779,4544,14321,2906,2613,85351,4153,581,392,180,100,386,1089,113,39,3356,1339,194,859,46,5860,118,6216,186232,290940,35859,109573,28560,5860,6262,179970
"Guerrero","ZIHUATANEJO","12","03","1203",5836,26038,11708,5933,8580,3097,1347,113693,5574,398,192,59,227,327,1080,128,33,3325,1142,161,1309,47,2665,20,8212,201131,315688,34886,133784,21517,2665,8259,192872
"Guerrero","ACAPULCO","12","04","1204",9454,20512,4089,1015,9281,1993,624,110796,5026,665,212,127,103,621,1059,75,56,4977,1840,284,1388,23,4758,50,4127,183155,301653,23962,133592,16643,4758,4150,179005
"Guerrero","TLAPA","12","05","1205",4115,27779,9663,4835,30474,5552,1312,77559,2808,159,101,47,145,165,536,57,55,1660,1172,149,420,3,1332,22,10199,180319,261512,34739,114242,19782,1332,10202,170117
"Guerrero","CHILAPA","12","06","1206",11642,29455,32859,4029,12711,5938,2355,61566,3343,343,347,193,247,231,679,64,45,2076,745,158,547,21,1219,21,11349,182183,271322,36858,81146,51569,1219,11370,170813
"Guerrero","CHILPANCINGO","12","07","1207",5635,25338,5598,1433,13753,1464,1692,94717,2639,460,247,64,124,504,843,107,37,4171,1558,183,713,3,3289,61,4589,169222,268406,29954,117734,13592,3289,4592,164630
"Guerrero","AYUTLA DE LOS LIBRES","12","08","1208",6743,15322,12817,12989,14194,2737,1297,88100,3783,247,254,66,215,187,1478,43,79,2442,1169,181,763,65,945,12,9099,175227,253789,31395,110632,23079,945,9164,166063
"Guerrero","ACAPULCO","12","09","1209",8421,22950,6443,1931,8674,2315,963,87600,6183,490,267,83,84,533,1558,108,47,4447,1710,253,1322,19,2815,35,5370,164621,281298,28090,110189,18103,2815,5389,159232
"Hidalgo","HUEJUTLA DE REYES","13","01","1301",13704,38931,6211,1085,7359,1911,5732,86609,14564,364,378,76,32,525,468,325,59,2591,768,298,1566,72,1995,39,10317,195979,277579,47125,113755,22676,1995,10389,185590
"Hidalgo","IXMIQUILPAN","13","02","1302",17517,28896,6663,1471,14148,1394,3150,99409,2339,633,422,102,41,507,417,178,41,2711,1474,146,775,66,5808,47,5413,193768,296184,34660,121002,26772,5808,5479,188289
"Hidalgo","ACTOPAN","13","03","1303",14962,31539,4322,1896,9132,1540,3169,105723,3935,590,293,105,33,539,424,216,72,3667,1189,177,1153,0,7675,35,4849,197235,299353,37855,124976,21845,7675,4849,192386
"Hidalgo","TULANCINGO DE BRAVO","13","04","1304",16619,27036,3989,1350,5941,1778,2779,92621,2877,553,339,88,52,435,367,208,51,2551,933,126,800,99,8773,69,5462,175896,294332,32226,105849,23418,8773,5561,170335
"Hidalgo","TULA DE ALLENDE","13","05","1305",24325,27331,2614,3415,7288,1470,1991,113874,3477,754,290,142,29,554,646,117,46,4614,1307,198,1109,68,10093,58,4328,210138,318381,34100,131867,29624,10093,4396,205742
"Hidalgo","PACHUCA DE SOTO","13","06","1306",31746,33800,1960,1040,6667,1368,1807,116519,3415,1327,284,205,32,1044,563,236,38,5309,1211,153,1101,91,13884,130,3783,227713,346629,38528,134375,36922,13884,3874,223839
"Hidalgo","TEPEAPULCO","13","07","1307",22565,27109,1509,1014,6051,1255,3483,101802,3084,823,244,127,38,667,339,309,75,3898,1080,178,1065,77,11376,75,3743,191986,286023,32996,117158,26561,11376,3820,188166
"Jalisco","TEQUILA","14","01","1401",31885,26661,1934,2456,12771,19049,2366,54050,2973,792,169,529,95,132,209,71,32,1853,653,106,298,52,9020,96,5551,173803,269226,31927,72704,54453,9020,5603,168200
"Jalisco","LAGOS DE MORENO","14","02","1402",51176,20477,1580,3769,4407,16756,1778,31247,1710,1362,226,1212,121,150,293,51,38,1095,317,57,247,330,12829,93,4390,155711,258838,26556,39080,72433,12829,4720,150991
"Jalisco","TEPATITLAN DE MORELOS","14","03","1403",70018,23026,1411,4455,4902,17232,2781,29158,2437,1219,235,1050,100,151,257,62,47,966,338,67,251,71,19970,195,6774,187173,328995,30779,38119,91265,19970,6845,180328
"Jalisco","ZAPOPAN","14","04","1404",39209,20907,1123,1613,6872,10080,1233,56094,2634,1104,161,722,59,341,293,106,42,2506,699,146,429,283,12529,225,4036,163446,288644,24535,69380,52458,12529,4319,159127
"Jalisco","PUERTO VALLARTA","14","05","1405",17538,15781,1459,1911,8121,16818,779,75048,2689,660,98,492,119,154,190,45,21,2104,817,115,557,194,6968,119,4876,157673,282715,18881,89451,37184,6968,5070,152603
"Jalisco","ZAPOPAN","14","06","1406",51583,18958,1034,1485,6618,11483,975,57842,2787,1478,177,825,89,364,339,119,27,2594,822,136,503,23,14718,223,4033,179235,317604,22267,71302,66669,14718,4056,175179
"Jalisco","TONALA","14","07","1407",21988,16885,738,1553,7357,11493,1304,51659,2583,776,73,539,52,242,264,63,36,2485,781,165,489,370,11650,113,3298,136956,253691,20347,65519,35659,11650,3668,133288
"Jalisco","GUADALAJARA","14","08","1408",75318,25053,1015,1342,6910,11483,1236,65858,2912,1915,319,1122,60,437,305,83,65,2686,745,122,542,176,14837,269,4355,219165,326903,28521,79775,91232,14837,4531,214634
"Jalisco","GUADALAJARA","14","09","1409",32502,20953,1092,1770,8291,12032,1229,67718,3513,975,136,908,118,321,367,85,40,2887,944,139,686,145,14170,137,5355,176513,304686,24765,84178,47763,14170,5500,171013
"Jalisco","ZAPOPAN","14","10","1410",78571,16414,937,1107,4959,9466,1063,45928,2457,2108,252,1036,74,325,254,74,42,2297,636,120,452,102,11312,217,3243,183446,294222,19279,56849,92444,11312,3345,180101
"Jalisco","GUADALAJARA","14","11","1411",38860,23784,1046,1606,8454,12489,1174,70801,3521,1181,159,1075,96,391,356,107,35,3230,998,217,766,114,16245,176,4986,191867,312174,27453,87987,54906,16245,5100,186767
"Jalisco","SANTA CRUZ DE LAS FLORES","14","12","1412",34186,11247,1298,1494,7297,24101,982,68148,3675,1402,146,1074,112,221,170,50,98,3338,944,168,713,162,12630,139,4018,177813,331697,14262,84283,62319,12630,4180,173633
"Jalisco","TLAQUEPAQUE","14","13","1413",51108,18031,1036,1366,6187,10563,813,53749,2917,1572,204,977,63,328,297,77,27,2660,700,129,545,114,12302,188,3952,169905,284222,20939,66887,65523,12302,4066,165839
"Jalisco","GUADALAJARA","14","14","1414",48625,20261,1305,1664,8138,14070,1277,71036,3583,1515,208,1260,114,397,371,95,54,3381,980,182,680,262,15420,189,5536,200603,315005,24119,87980,67097,15420,5798,194805
"Jalisco","LA BARCA","14","15","1415",30463,20981,2631,6582,8774,15022,4051,58289,8208,1062,190,631,112,137,190,86,52,2202,685,161,654,333,11833,65,5761,179155,311602,32079,78973,50111,11833,6094,173061
"Jalisco","TLAQUEPAQUE","14","16","1416",30468,21790,984,1604,7564,10261,1045,60665,3472,1003,143,716,61,272,360,90,38,3345,814,167,702,60,13120,114,4476,163334,297100,25199,76729,43636,13120,4536,158798
"Jalisco","JOCOTEPEC","14","17","1417",26557,23513,1415,5670,8126,16916,1902,55757,3239,773,133,632,80,116,199,49,52,1456,494,123,349,45,9073,80,4801,161550,260155,31501,69544,46506,9073,4846,156704
"Jalisco","AUTLAN DE NAVARRO","14","18","1418",26701,27094,4202,2585,9338,19187,1668,65175,3555,1048,250,499,274,161,200,85,48,1797,645,142,464,199,6858,51,6433,178659,285551,31841,81116,52161,6858,6632,172027
"Jalisco","CIUDAD GUZMAN","14","19","1419",23967,23182,4382,5340,10854,17746,2187,73465,4562,977,222,420,204,116,262,52,60,1999,620,144,517,59,10974,114,6336,188761,297454,31199,92161,47918,10974,6395,182366
"Jalisco","TONALA","14","20","1420",23625,18023,1096,2745,6998,18539,1043,51146,2852,868,78,732,100,159,241,38,41,2317,614,128,449,58,10268,111,4645,146914,276475,22290,64504,45038,10268,4703,142211
"Estado de México","JILOTEPEC DE ANDRES MOLINA ENRIQUEZ","15","01","1501",37449,46258,4032,8804,8081,4406,6006,81860,4874,1103,396,255,45,402,735,198,106,2844,683,134,796,137,7906,275,7092,224877,300993,62509,99272,47686,7906,7229,217648
"Estado de México","SANTA MARIA TULTEPEC","15","02","1502",21630,23640,6500,1198,6545,1462,1481,94883,3543,1164,355,124,91,517,331,114,38,4547,1125,130,792,10,10293,73,3668,184254,274287,27319,111565,31326,10293,3678,180576
"Estado de México","ATLACOMULCO DE FABELA","15","03","1503",27808,45532,2621,3073,15197,2742,2254,86577,3805,1337,333,244,85,649,879,134,84,4709,1551,305,789,95,10496,132,6285,217716,306320,52605,112933,35170,10496,6380,211336
"Estado de México","NICOLAS ROMERO","15","04","1504",29739,29668,3083,1865,7778,1305,1410,90638,3031,1193,329,237,34,508,591,130,33,5118,1233,211,926,18,9182,127,3993,192380,292336,34205,108935,35920,9182,4011,188369
"Estado de México","TEOTIHUACAN DE ARISTA","15","05","1505",24500,36040,3434,2102,9803,1205,1600,93640,3191,910,266,123,23,366,435,61,55,3821,1054,189,761,42,9063,128,3942,196754,272235,40659,112459,30461,9063,3984,192770
"Estado de México","COACALCO DE BERRIOZABAL","15","06","1506",29275,25033,3775,1379,6031,1099,987,98447,3108,1368,353,154,34,538,428,106,27,4970,1063,163,831,25,11272,100,3465,194031,284874,28498,114613,36058,11272,3490,190541
"Estado de México","CUAUTITLAN IZCALLI","15","07","1507",45140,26410,1660,1732,6180,1433,1353,102284,2940,1550,241,260,22,616,480,91,34,4728,1005,144,835,62,13272,122,3598,216192,301207,30716,118116,50306,13272,3660,212532
"Estado de México","TULTITLAN DE MARIANO ESCOBEDO","15","08","1508",21501,21661,3777,1159,5548,1361,1974,84067,2569,961,251,173,65,494,348,170,84,4155,882,107,776,96,8799,116,3421,164515,247313,25890,98104,28089,8799,3517,160998
"Estado de México","SAN FELIPE DEL PROGRESO","15","09","1509",25712,59043,11453,3842,7280,1678,4567,57512,2752,834,476,147,77,570,1219,263,105,2186,613,138,595,55,3637,87,7398,192239,275992,69609,71076,40377,3637,7453,184786
"Estado de México","ECATEPEC DE MORELOS","15","10","1510",20043,25055,3625,1326,5420,1073,1076,85583,2839,994,277,154,46,597,516,92,103,4908,1050,176,917,27,8799,66,3335,168097,261716,28765,100893,26212,8799,3362,164735
"Estado de México","ECATEPEC DE MORELOS","15","11","1511",21071,27553,5367,2383,5921,1057,1237,91853,2812,981,370,138,45,577,642,102,38,5016,1066,157,885,180,9224,75,3941,182691,279818,32532,107710,29029,9224,4121,178570
"Estado de México","IXTAPALUCA","15","12","1512",15105,32336,3100,949,6624,1049,1041,86310,2791,694,165,95,34,654,574,101,49,4753,1064,163,783,77,7938,258,3704,170411,259083,35704,102488,20242,7938,3781,166630
"Estado de México","ECATEPEC DE MORELOS","15","13","1513",22207,28107,3271,1374,5629,1093,1690,90462,2879,1002,264,158,39,712,551,204,57,4980,1003,132,851,53,9667,118,3657,180160,267296,32695,105936,28034,9667,3710,176450
"Estado de México","CIUDAD ADOLFO LOPEZ MATEOS","15","14","1514",53481,27185,2133,2051,5265,1243,1156,88289,2561,1704,346,247,44,610,586,115,61,4400,958,169,836,157,10451,108,3572,207728,299633,31764,102478,59198,10451,3729,203999
"Estado de México","CIUDAD ADOLFO LOPEZ MATEOS","15","15","1515",51609,24552,2089,3732,5793,1143,1000,83836,2643,1585,331,245,32,580,680,76,51,4443,911,168,836,165,9536,126,3945,200107,298643,30671,98630,57034,9536,4110,195997
"Estado de México","ECATEPEC DE MORELOS","15","16","1516",20395,29226,3787,1308,6732,1163,1650,91174,2904,1009,272,162,40,658,780,136,41,5697,1334,196,1016,6,8282,140,4169,182277,287922,33799,109053,26828,8282,4175,178102
"Estado de México","ECATEPEC DE MORELOS","15","17","1517",18205,27223,3168,1340,5282,1018,1185,86486,2688,884,238,130,53,573,463,106,18,5025,1112,140,940,57,8500,95,3423,168352,252315,30908,101673,23696,8500,3480,164872
"Estado de México","HUIXQUILUCAN DE DEGOLLADO","15","18","1518",60646,35394,3616,2482,8577,2195,1954,78706,3363,1867,586,246,50,537,623,121,40,3918,1001,152,773,80,8640,122,4633,220322,302044,41151,96490,69206,8640,4713,215609
"Estado de México","TLALNEPANTLA DE BAZ","15","19","1519",45343,35657,2418,1399,6178,1291,1171,97011,2883,1503,346,294,36,873,663,145,45,5106,1093,258,802,29,11526,140,4039,220249,316670,39953,113331,51231,11526,4068,216181
"Estado de México","CD. NEZAHUALCOYOTL","15","20","1520",22795,25103,10339,1258,5606,1018,1060,96256,2854,1286,579,134,63,527,431,103,46,4832,1075,147,820,28,8726,126,3771,188983,278996,28528,111590,36214,8726,3799,185184
"Estado de México","AMECAMECA DE JUAREZ","15","21","1521",16195,29072,3756,2944,7077,2506,1751,90887,4090,566,178,107,67,323,389,78,27,3563,821,182,841,118,7942,72,3791,177343,255898,34584,107461,23375,7942,3909,173434
"Estado de México","NAUCALPAN DE JUAREZ","15","22","1522",75371,34967,2346,1559,5967,1323,1183,85843,2937,1992,442,320,33,806,741,143,59,4474,1029,174,836,124,9827,205,4147,236848,349805,39458,101260,81827,9827,4271,232577
"Estado de México","LERMA DE VILLADA","15","23","1523",28002,35506,4722,5115,9117,1623,1802,98538,3668,897,388,131,43,354,495,92,55,3930,1021,188,830,43,11062,114,4775,212511,291886,43419,117292,35806,11062,4818,207693
"Estado de México","NAUCALPAN DE JUAREZ","15","24","1524",40853,30818,2823,1604,7094,1171,1149,92250,3202,1411,355,258,27,807,673,132,53,5553,1184,187,911,78,10601,137,4515,207846,336672,35236,110381,46898,10601,4593,203253
"Estado de México","CHIMALHUACAN","15","25","1525",11959,34108,3692,893,5304,987,995,75167,2489,666,230,120,31,589,667,95,24,4738,964,140,797,5,5821,57,3544,154082,251806,37371,89599,17685,5821,3549,150533
"Estado de México","TOLUCA DE LERDO","15","26","1526",42794,40016,3734,1782,8715,1570,1258,88779,3598,1506,503,266,55,804,999,113,58,4767,1122,175,1060,35,13476,67,4927,222179,310407,45030,108216,50428,13476,4962,217217
"Estado de México","METEPEC","15","27","1527",53074,41140,1917,2512,10790,1593,1941,92461,2651,1315,311,217,39,592,470,93,42,3737,1085,164,608,126,12966,103,3950,233897,315076,46790,111496,58466,12966,4076,229821
"Estado de México","ZUMPANGO DE OCAMPO","15","28","1528",26319,28467,2963,2150,7737,2174,4260,95871,3553,1028,351,162,51,467,405,196,54,4415,890,205,791,278,10771,169,4404,198131,314021,35999,113462,33048,10771,4682,193449
"Estado de México","CD. NEZAHUALCOYOTL","15","29","1529",19244,26731,13368,1343,6508,1058,1227,101309,2960,1090,642,102,87,502,446,130,51,4814,1174,150,746,44,8940,140,4333,197139,296172,30430,117661,35591,8940,4377,192762
"Estado de México","CHIMALHUACAN","15","30","1530",12923,35517,3502,1081,5134,904,1091,76724,2998,622,206,81,25,547,643,118,45,4486,904,155,789,25,7067,66,3389,159042,263181,39042,91190,18263,7067,3414,155628
"Estado de México","CD. NEZAHUALCOYOTL","15","31","1531",16388,25677,14984,1332,6439,1024,1141,95680,2964,1111,695,106,109,459,381,88,24,4690,1218,259,808,4,8202,107,4376,188266,290097,29102,112058,34417,8202,4380,183886
"Estado de México","VALLE DE CHALCO SOLIDARIDAD","15","32","1532",12129,16672,13329,2202,5697,1363,767,91499,2850,908,495,98,114,339,445,73,29,4651,1144,167,978,21,6524,129,4158,166781,262331,20527,106986,28436,6524,4179,162602
"Estado de México","CHALCO DE DIAZ COVARRUBIAS","15","33","1533",15216,22768,4516,996,5700,3366,1049,86986,4651,899,205,181,77,413,433,82,43,5048,876,209,1106,45,7838,49,3565,166317,260453,25784,104576,24460,7838,3610,162707
"Estado de México","TOLUCA DE LERDO","15","34","1534",51217,39978,3159,1839,7699,1486,1133,96571,3440,1704,343,223,46,909,629,131,77,4324,989,155,744,22,15516,108,3784,236226,327921,44696,113922,58178,15516,3806,232420
"Estado de México","TENANCINGO DE DEGOLLADO","15","35","1535",28044,33403,7526,4100,16234,1888,2217,79623,3013,886,437,166,56,249,335,68,49,2907,1319,189,557,76,8615,59,6026,198042,284511,40421,103842,39003,8615,6102,191940
"Estado de México","TEJUPILCO DE HIDALGO","15","36","1536",22522,54253,21734,3438,9566,1683,2860,84269,2665,598,615,103,112,264,616,111,41,2073,799,112,569,50,3906,24,6906,219889,296442,61583,100053,47367,3906,6956,212933
"Estado de México","CUAUTITLAN","15","37","1537",27318,26752,2167,1841,6705,3448,1373,100945,3147,1084,215,220,58,414,361,96,52,4499,890,160,783,270,11036,155,3567,197556,287130,30889,117129,34510,11036,3837,193719
"Estado de México","TEXCOCO DE MORA","15","38","1538",18767,28517,2590,4531,5913,1388,1699,103452,2684,828,174,122,34,520,833,113,54,4387,922,211,773,175,9984,95,3557,192323,287754,36267,118342,23903,9984,3732,188591
"Estado de México","LOS REYES ACAQUILPAN","15","39","1539",12516,33396,4724,1811,6433,1009,796,82071,3013,650,248,108,65,586,599,107,23,5066,1109,191,812,51,6786,75,3706,165951,260012,37318,98695,19320,6786,3757,162194
"Estado de México","SAN MIGUEL ZINACANTEPEC","15","40","1540",35273,38318,3692,3524,12661,3025,1882,82334,3389,1238,386,303,77,522,830,138,40,4252,1412,219,838,92,10007,70,6296,210818,308188,45254,105105,43994,10007,6388,204430
"Estado de México","OJO DE AGUA","15","41","1541",26404,46496,2096,1137,6948,951,1568,106760,3143,1034,183,145,24,686,616,142,35,4815,1035,179,835,11,11516,104,4171,221034,322728,50680,123715,30837,11516,4182,216852
"Michoacán","LAZARO CARDENAS","16","01","1601",6387,22630,10982,1686,12305,1493,1376,91338,1949,263,201,61,103,126,212,66,26,2379,1625,159,572,28,3382,22,5949,165320,265614,26122,110327,19490,3382,5977,159343
"Michoacán","PURUANDIRO","16","02","1602",18119,27803,22589,8339,20627,2974,3178,48671,4752,774,663,202,171,189,328,122,127,2143,1718,228,507,276,9719,102,8000,182321,312570,40086,78646,45492,9719,8276,174045
"Michoacán","HEROICA ZITACUARO","16","03","1603",13006,23095,25367,5168,17577,1772,1483,60532,3707,907,729,149,170,260,458,99,71,2986,2026,299,654,63,7223,103,9011,176915,272763,30634,87781,42100,7223,9074,167841
"Michoacán","JIQUILPAN DE JUAREZ","16","04","1604",34602,22440,10411,4893,9262,4133,2159,58034,2584,621,632,288,89,118,220,81,42,1837,918,126,420,38,9399,56,7338,170741,294299,29953,73181,50776,9399,7376,163365
"Michoacán","ZAMORA DE HIDALGO","16","05","1605",30259,19674,7590,3033,12626,2978,1988,56560,2726,714,484,237,92,176,286,80,39,2405,1412,155,458,40,11410,137,5495,161054,297644,25276,76342,42354,11410,5535,155519
"Michoacán","CIUDAD HIDALGO","16","06","1606",20911,23375,12300,5202,13906,2619,2583,53267,3493,988,689,219,155,227,495,237,88,2719,1940,274,660,92,11126,93,8750,166408,280855,32207,76259,37881,11126,8842,157566
"Michoacán","ZACAPU","16","07","1607",16650,20604,11639,7669,11004,3126,1642,57805,4262,663,299,227,102,123,277,75,74,1942,1000,169,578,34,8798,96,7250,156108,268631,30464,76760,32706,8798,7284,148824
"Michoacán","MORELIA","16","08","1608",19856,18141,4380,2524,10394,1605,927,65096,5169,702,277,191,59,335,422,116,40,3160,1217,261,713,287,16699,133,6195,158899,291676,22505,86010,27070,16699,6482,152417
"Michoacán","URUAPAN DEL PROGRESO","16","09","1609",18232,9611,10957,1407,9875,964,810,53515,1984,634,369,143,89,206,191,51,37,2486,1374,187,568,78,11211,72,4841,129892,239846,12313,69989,31388,11211,4919,124973
"Michoacán","MORELIA","16","10","1610",41016,23135,4236,2411,9875,1521,1049,67726,4697,1228,390,261,43,545,481,107,44,3025,1193,251,629,68,19906,143,6081,190061,309830,27772,87396,48695,19906,6149,183912
"Michoacán","PATZCUARO","16","11","1611",17848,21682,17666,6230,15658,1764,3263,58804,5525,917,827,171,152,222,483,99,98,2733,1413,266,738,66,8073,66,9828,174592,287236,32077,85137,39345,8073,9894,164698
"Michoacán","APATZINGAN DE LA CONSTITUCION","16","12","1612",11265,18438,12056,5478,10638,1288,1664,62530,1963,442,480,113,94,125,422,50,62,1926,1439,139,462,106,5407,62,6580,143229,251974,26239,79097,25738,5407,6686,136543
"Morelos","CUERNAVACA","17","01","1701",37440,17634,3739,1866,12432,1714,1180,87499,7080,1171,356,468,49,547,343,119,52,6232,1519,363,1594,91,16245,206,4686,204625,305520,21741,116719,44937,16245,4777,199848
"Morelos","JIUTEPEC","17","02","1702",19144,14704,6219,4697,13020,1450,1279,85836,7845,725,226,249,69,436,455,94,70,6319,1489,400,1541,232,13249,82,5060,184890,283166,21735,116450,28082,13249,5292,179598
"Morelos","CUAUTLA","17","03","1703",11943,12794,4692,1712,16794,2917,2102,99874,8224,454,169,263,89,331,229,149,46,6744,1782,412,1693,224,10169,47,5347,189200,287821,17363,135523,20527,10169,5571,183629
"Morelos","JOJUTLA","17","04","1704",12464,16516,8350,2093,17885,1890,1486,97295,9693,498,194,161,102,305,209,112,36,5452,1639,474,1404,78,9627,64,5483,193510,292132,20757,133842,23659,9627,5561,187949
"Morelos","YAUTEPEC","17","05","1705",14161,12016,7093,2481,22365,2675,2641,92783,9460,495,221,296,85,325,195,130,67,6233,1906,443,1534,55,10761,105,5585,194111,270726,17855,134724,25026,10761,5640,188471
"Nayarit","SANTIAGO IXCUINTLA","18","01","1801",15883,25405,5060,909,9065,1728,1270,71947,3992,662,307,77,45,334,289,103,28,3292,860,224,774,45,1517,27,4287,148130,256770,28338,90154,23762,1517,4332,143798
"Nayarit","TEPIC","18","02","1802",19544,16921,2531,842,12281,2317,926,101355,4824,754,251,182,53,399,257,94,36,4963,1371,266,1030,133,5654,78,3465,180527,302091,19475,126090,25632,5654,3598,176929
"Nayarit","COMPOSTELA","18","03","1803",23965,16222,2343,886,9489,2711,977,80569,3769,784,269,176,40,201,213,67,22,3031,995,144,800,102,3198,76,3987,155036,287950,18588,98797,30288,3198,4089,150947
"Nuevo León","SANTA CATARINA","19","01","1901",83044,14263,702,979,8043,2695,969,38425,1939,1266,204,385,38,205,178,67,34,1423,597,116,291,331,28982,127,3322,188625,316603,16695,50834,88334,28982,3653,184972
"Nuevo León","APODACA","19","02","1902",42714,19783,646,1198,11033,2137,711,54590,2289,776,139,229,26,247,233,58,20,1990,760,132,341,214,36273,138,3070,179747,326742,22250,71135,46667,36273,3284,176463
"Nuevo León","GRAL. ESCOBEDO","19","03","1903",33523,16522,605,2171,11264,1802,645,39411,1810,589,103,202,34,207,298,54,12,1741,728,112,249,49,26272,62,2850,141315,292781,19909,55315,36858,26272,2899,138416
"Nuevo León","SAN NICOLAS DE LOS GARZA","19","04","1904",85419,17581,773,1152,11569,2907,931,51820,2271,1493,268,493,37,329,243,88,21,2287,855,144,322,184,38108,200,3857,223352,365377,20345,69268,91390,38108,4041,219311
"Nuevo León","MONTERREY","19","05","1905",20848,19627,530,1228,18994,1475,613,27351,1218,379,88,217,23,230,424,92,30,1553,1103,143,217,55,19851,39,3390,119718,253844,22244,50579,23560,19851,3445,116273
"Nuevo León","MONTERREY","19","06","1906",91327,25252,807,1485,13990,3460,877,43201,1826,1936,275,597,30,450,382,132,42,2155,1052,131,321,350,29243,390,3799,223510,355425,28620,62676,98432,29243,4149,219361
"Nuevo León","GARCIA","19","07","1907",38410,20478,1759,2680,17454,3416,1753,50904,3408,463,144,190,37,235,312,69,38,2428,811,159,489,110,36068,101,4956,186872,369113,25565,75653,44419,36068,5066,181806
"Nuevo León","GUADALUPE","19","08","1908",37900,20156,791,1270,10741,2131,871,46151,2804,924,168,246,23,264,473,75,35,2016,706,176,400,77,31051,127,3197,162773,299696,23144,62994,42183,31051,3274,159499
"Nuevo León","LINARES","19","09","1909",46669,44375,797,2765,15574,2395,5104,36611,2713,420,141,199,32,277,485,209,84,1814,744,161,363,201,32029,158,7522,201842,327919,53299,57980,50653,32029,7723,194119
"Nuevo León","MONTERREY","19","10","1910",79096,24041,854,1475,9000,4342,850,39837,1908,1481,301,532,42,373,594,132,31,1762,728,130,375,149,23400,142,3817,195392,329254,27496,53740,86648,23400,3966,191426
"Nuevo León","GUADALUPE","19","11","1911",58938,24258,1199,1118,11500,2539,1049,48197,2649,1272,319,444,43,377,517,141,36,2459,937,167,470,8,31580,179,4072,194468,330958,27496,66379,64754,31580,4080,190388
"Nuevo León","BENITO JUAREZ","19","12","1912",23425,21728,957,4133,12311,2193,1119,50116,3909,611,86,152,23,470,562,54,70,2704,744,173,434,272,26959,260,3563,157028,332826,28136,70391,27447,26959,3835,153193
"Oaxaca","SAN JUAN BAUTISTA TUXTEPEC","20","01","2001",18052,26756,5942,4605,11561,1877,7211,101714,5771,472,283,106,44,469,611,236,106,3302,1020,226,826,90,3810,17,6681,201788,272575,39994,124420,26776,3810,6771,195017
"Oaxaca","TEOTITLAN DE FLORES MAGON","20","02","2002",9442,37957,10005,2060,13989,3133,4859,92743,3047,362,198,80,65,861,614,322,48,3010,1257,192,649,69,2971,60,7720,195713,271339,46721,114887,23285,2971,7789,187924
"Oaxaca","HEROICA CIUDAD DE HUAJUAPAN DE LEON","20","03","2003",14104,23621,7817,1897,14374,1299,1489,100085,3273,533,310,96,58,390,556,66,36,3835,1544,237,786,173,5615,72,5447,187713,287380,28055,124134,24217,5615,5620,182093
"Oaxaca","TLACOLULA DE MATAMOROS","20","04","2004",12407,22762,4759,2536,16105,1846,2083,98582,3163,328,202,77,50,343,503,86,62,4278,1899,245,829,154,4960,57,6126,184442,309294,28375,125101,19669,4960,6280,178162
"Oaxaca","SALINA CRUZ","20","05","2005",6588,21351,4604,1687,15626,1551,1501,109322,3358,226,119,46,47,283,485,59,44,3289,1324,210,689,106,2330,43,5496,180384,269697,25410,133818,13181,2330,5602,174782
"Oaxaca","HEROICA CIUDAD DE TLAXIACO","20","06","2006",7030,22596,10809,2480,12474,1528,1764,92000,3192,229,216,54,104,234,497,52,28,3280,1257,152,759,74,2102,45,8346,171302,274610,27651,113114,19970,2102,8420,162882
"Oaxaca","CIUDAD IXTEPEC","20","07","2007",6859,33087,9937,5664,14261,2260,2936,113229,3471,198,133,61,57,356,740,70,56,2452,979,141,576,64,2779,35,5365,205766,285218,42909,135109,19505,2779,5429,200337
"Oaxaca","OAXACA DE JUAREZ","20","08","2008",22453,24172,1845,1178,11325,1012,736,120728,3346,780,286,152,26,587,685,104,26,5088,1826,240,844,16,10241,62,3657,211415,312825,27488,143397,26554,10241,3673,207742
"Oaxaca","PUERTO ESCONDIDO","20","09","2009",6454,35367,12440,2091,10545,1688,3734,96328,2648,241,208,39,70,441,676,151,42,2745,997,137,687,95,1387,29,6724,185964,271574,42502,114087,21140,1387,6819,179145
"Oaxaca","MIAHUATLAN DE PORFIRIO DIAZ","20","10","2010",18555,24274,4885,2837,14075,2876,4434,102668,5926,379,314,101,83,484,611,195,95,3543,1155,303,949,90,2795,125,9018,200770,306787,32930,128619,27193,2795,9108,191662
"Puebla","HUAUCHINANGO DE DEGOLLADO","21","01","2101",41531,32635,6310,4994,9895,5226,2492,80774,3297,727,819,291,158,300,671,220,56,3066,1147,267,935,283,4758,55,9416,210323,279935,41368,99381,55062,4758,9699,200624
"Puebla","CUAUTILULCO BARRIO","21","02","2102",39194,52344,7368,3040,11791,7803,3840,63939,3316,543,516,296,168,286,799,189,66,2384,828,227,606,54,4297,85,10417,214396,281834,60564,83091,55888,4297,10471,203925
"Puebla","TEZIUTLAN","21","03","2103",33816,34648,2961,3784,14189,2877,3951,79599,3830,597,403,261,55,304,552,135,74,3780,1351,237,1043,0,7219,56,9134,204856,286126,43448,104029,40970,7219,9134,195722
"Puebla","AJALPAN","21","04","2104",29081,30685,6410,2511,12926,5967,1677,93706,4199,315,434,199,112,138,374,95,49,3284,1383,263,1116,61,3098,44,9239,207366,270988,35529,116877,42518,3098,9300,198066
"Puebla","SAN MARTIN TEXMELUCAN DE LABASTIDA","21","05","2105",22135,20625,2760,2517,15758,2889,2967,92925,3780,547,213,224,85,275,372,143,50,4730,1994,292,1046,178,9753,82,6044,192384,295720,26949,120525,28853,9753,6222,186162
"Puebla","HEROICA PUEBLA DE ZARAGOZA","21","06","2106",26412,17391,1244,1216,9079,1235,735,103082,2977,876,287,268,43,413,417,87,125,5422,1526,327,1238,146,9395,109,4106,188156,305467,20384,123651,30365,9395,4252,183904
"Puebla","TEPEACA","21","07","2107",27525,20595,2632,3859,13223,4079,1635,96686,4248,605,484,356,40,208,385,84,39,5525,1805,303,1533,112,6434,52,6510,198957,289617,26805,123323,35721,6434,6622,192335
"Puebla","CIUDAD SERDAN","21","08","2108",34213,31578,3565,3563,13370,8849,6955,71992,3591,718,458,433,66,242,498,201,91,3238,1368,256,939,32,6282,156,8876,201530,272123,43128,94754,48302,6282,8908,192622
"Puebla","HEROICA PUEBLA DE ZARAGOZA","21","09","2109",41658,16533,1218,1070,8706,1168,823,104972,2749,1101,308,273,35,392,379,90,46,4963,1514,260,1048,0,10779,199,3928,204212,330112,19333,124212,45761,10779,3928,200284
"Puebla","CHOLULA DE RIVADAVIA","21","10","2110",44812,16854,2118,1923,9662,1566,1395,111390,4182,1196,370,276,31,412,265,91,34,5721,1488,278,1361,231,11304,141,4577,221678,328497,20974,134082,50369,11304,4808,216870
"Puebla","HEROICA PUEBLA DE ZARAGOZA","21","11","2111",28266,18872,1345,1264,9466,2039,926,96030,2799,936,212,271,21,491,562,109,37,5694,1613,224,1206,46,9532,82,4281,186324,307513,22261,117032,33090,9532,4327,181997
"Puebla","HEROICA PUEBLA DE ZARAGOZA","21","12","2112",46587,20611,1198,1223,8491,1166,883,107473,2868,1276,342,247,40,420,367,89,35,4934,1360,182,983,82,12339,152,4185,217533,336747,23628,126291,50856,12339,4267,213266
"Puebla","ATLIXCO","21","13","2113",30753,31814,3534,4353,10650,3943,2185,93474,4301,674,454,245,61,273,624,119,34,4294,1347,261,1082,122,5903,86,7215,207801,310833,39402,115409,39664,5903,7337,200464
"Puebla","ACATLAN DE OSORIO","21","14","2114",24063,37243,3741,2386,13821,4619,2684,104783,4358,446,598,222,184,263,445,105,42,4605,1719,290,1237,116,4121,163,8433,220687,307143,43168,130813,33873,4121,8549,212138
"Puebla","TEHUACAN","21","15","2115",23132,17396,1413,3769,11823,1061,1659,113756,3139,446,219,127,15,243,434,99,41,4326,1690,227,1122,99,8173,40,6120,200569,297925,23641,136083,26413,8173,6219,194350
"Querétaro","CADEREYTA DE MONTES","22","01","2201",44762,29219,2743,1538,10923,2245,2875,48447,3566,965,728,278,47,299,797,175,72,2525,823,167,611,129,8469,107,7223,169733,252531,34975,67062,51768,8469,7352,162381
"Querétaro","SAN JUAN DEL RIO","22","02","2202",48589,21045,1544,2559,8148,1122,1165,70368,3512,1246,365,316,25,426,671,100,37,4360,1067,203,880,376,15445,86,4960,188615,284047,26003,88538,53207,15445,5336,183279
"Querétaro","SANTIAGO DE QUERETARO","22","03","2203",63018,21058,1723,1344,8812,1382,887,80504,3266,1916,499,332,32,496,668,139,28,4712,1195,233,895,225,17579,215,4991,216149,363990,24620,99617,68902,17579,5216,210933
"Querétaro","SANTIAGO DE QUERETARO","22","04","2204",84290,25593,1621,1313,7753,1290,1028,76947,3011,2246,561,368,60,631,709,131,50,3936,1127,200,765,334,17495,354,4556,236369,361257,29455,93739,90436,17495,4890,231479
"Querétaro","EL PUEBLITO","22","05","2205",74924,30324,3765,2134,9670,1378,1077,56458,3255,1605,589,401,54,516,1589,109,73,3337,959,154,663,283,13884,89,5756,213046,321128,35822,74496,82716,13884,6039,207007
"Quintana Roo","PLAYA DEL CARMEN","23","01","2301",24310,19073,2393,1142,14081,1724,1012,106097,4952,1012,333,197,50,417,551,82,42,4449,1528,256,1173,89,7326,136,4175,196600,338233,22319,132536,30019,7326,4264,192336
"Quintana Roo","CHETUMAL","23","02","2302",19538,21216,6873,1029,9912,1920,2994,94310,7439,1127,585,130,110,590,493,145,65,3958,1367,229,1251,73,6161,96,5623,187234,272867,26532,118466,30283,6161,5696,181538
"Quintana Roo","CANCUN","23","03","2303",11424,5926,1060,3653,6626,948,600,96192,4349,581,157,125,39,291,474,30,45,4259,1546,167,1326,84,6573,68,3263,149806,264634,11019,114465,14334,6573,3347,146459
"Quintana Roo","CANCUN","23","04","2304",36451,10960,1298,4180,7404,1669,691,104092,3775,1223,296,238,37,400,551,46,47,4346,1676,193,1176,115,9376,122,3144,193506,332932,16875,122662,41212,9376,3259,190247
"San Luis Potosí","MATEHUALA","24","01","2401",32032,37760,4566,9121,13527,4411,1709,42161,2803,902,413,715,82,437,1101,206,143,2067,885,179,458,84,9748,39,7948,173497,262221,50477,62080,43121,9748,8032,165465
"San Luis Potosí","SOLEDAD DE GRACIANO SANCHEZ","24","02","2402",31374,29545,19596,4345,11348,1921,1416,62011,3151,896,1009,303,193,510,744,309,107,2752,993,207,704,53,16212,79,7959,197737,321336,36976,81166,55292,16212,8012,189725
"San Luis Potosí","RIOVERDE","24","03","2403",30905,38598,5184,7364,14294,2784,1859,40105,2334,781,563,576,52,869,1588,211,214,2019,845,196,475,49,7559,65,7938,167427,263906,50703,60268,40845,7559,7987,159440
"San Luis Potosí","CIUDAD VALLES","24","04","2404",21838,22314,4539,2365,10939,1732,2391,65973,3597,527,392,200,65,393,610,199,218,2616,984,215,742,103,8530,71,5971,157524,238975,28490,85066,29293,8530,6074,151450
"San Luis Potosí","SAN LUIS POTOSI","24","05","2405",59418,22134,8227,1281,8244,1042,1062,55895,2143,1254,625,362,73,607,388,129,19,2718,903,135,540,73,17139,258,4668,189337,311399,25620,70578,71001,17139,4741,184596
"San Luis Potosí","SAN LUIS POTOSI","24","06","2406",36995,16561,7882,1416,9690,1102,1064,67002,2668,910,555,280,65,428,302,102,35,3097,1043,156,699,295,19975,147,5016,177485,304359,19908,84355,47789,19975,5311,172174
"San Luis Potosí","TAMAZUNCHALE","24","07","2407",33724,38899,8225,2339,15744,3180,4016,56769,4979,733,658,270,111,904,1037,618,123,3023,975,252,778,60,3742,15,12200,193374,272130,47936,82520,46901,3742,12260,181114
"Sinaloa","MAZATLAN","25","01","2501",19287,25902,1844,1147,8644,1552,1101,87715,3108,544,253,162,25,441,848,117,25,3254,1275,208,857,87,4068,69,4722,167255,293360,29581,105061,23667,4068,4809,162446
"Sinaloa","LOS MOCHIS","25","02","2502",21869,26237,1436,666,9893,1176,1040,112500,4075,709,160,186,20,891,676,173,45,5471,1533,270,1403,65,5001,75,4000,199570,321131,29728,135145,25556,5001,4065,195505
"Sinaloa","GUAMUCHIL","25","03","2503",16148,41628,5415,1712,13715,3158,2116,94547,5067,585,326,219,76,834,965,167,112,4018,1429,331,1210,64,2503,68,6747,203160,321025,47534,120317,25927,2503,6811,196349
"Sinaloa","GUASAVE","25","04","2504",13012,37528,2167,1011,10542,1905,2175,105558,4406,324,168,133,35,1041,999,220,109,4168,1493,271,1342,44,2218,39,5411,196319,304001,43083,127780,17744,2218,5455,190864
"Sinaloa","CULIACAN DE ROSALES","25","05","2505",18487,19665,1002,822,9660,1343,1352,105121,3380,655,124,149,19,776,618,142,45,4965,1496,214,1068,129,6110,90,2835,180267,295854,23420,125904,21779,6110,2964,177303
"Sinaloa","MAZATLAN","25","06","2506",21350,28179,1740,3367,9622,2469,1149,85976,3464,733,231,249,56,633,976,119,83,3934,1283,215,939,57,4941,52,4520,176337,294027,34506,105433,26828,4941,4577,171760
"Sinaloa","CULIACAN DE ROSALES","25","07","2507",18355,22875,1444,962,9192,1469,1100,93463,3530,591,161,142,34,691,677,136,60,4602,1403,214,1125,29,4312,73,3571,170211,305860,26501,113529,22196,4312,3600,166611
"Sonora","SAN LUIS RIO COLORADO","26","01","2601",19516,18528,1342,1254,7831,1852,951,63315,2216,354,346,124,29,538,466,101,29,2374,1139,172,670,57,8362,93,3551,135210,288070,21867,77717,23563,8362,3608,131602
"Sonora","NOGALES","26","02","2602",23504,22870,1369,809,12960,3028,793,70477,2356,500,411,224,47,857,595,203,55,2508,1469,178,636,272,11772,60,4156,162109,333881,26182,90584,29083,11772,4428,157681
"Sonora","HERMOSILLO","26","03","2603",20081,20077,761,817,7722,1520,860,73891,2049,620,197,205,21,618,602,130,38,2974,1162,139,645,104,12083,102,3127,150545,304062,23142,88582,23405,12083,3231,147314
"Sonora","GUAYMAS","26","04","2604",20113,25883,2436,2018,11763,1997,2017,76213,2487,364,578,102,45,1046,880,261,42,2863,1405,205,697,123,7399,25,4827,165789,291128,32147,95633,25635,7399,4950,160839
"Sonora","HERMOSILLO","26","05","2605",26631,23971,766,709,7224,1581,828,70837,1816,770,243,238,27,807,671,124,93,2713,1116,141,608,24,12109,89,2771,156907,295976,27203,84455,30256,12109,2795,154112
"Sonora","CD. OBREGON","26","06","2606",12779,17165,1007,992,7634,2086,694,99284,2801,363,132,113,39,586,484,111,38,3813,1487,190,962,136,8876,103,3337,165212,320447,20070,116171,16519,8876,3473,161739
"Sonora","NAVOJOA","26","07","2607",13927,26434,2015,723,8635,1635,1156,81507,2283,271,476,118,36,958,853,207,36,3021,1329,215,846,142,3159,31,4590,154603,268124,30367,97836,18478,3159,4732,149871
"Tabasco","MACUSPANA","27","01","2701",3935,12529,6330,3905,5386,1445,1695,119165,7245,388,128,30,85,158,224,72,56,3509,739,174,848,113,970,38,5215,174382,244672,18639,137066,12341,970,5328,169054
"Tabasco","HEROICA CARDENAS","27","02","2702",2487,14493,20114,1019,6226,1280,1015,144615,2705,439,218,34,222,156,217,39,30,3760,1179,177,895,79,1144,102,6704,209349,300820,16969,159557,24794,1144,6783,202566
"Tabasco","COMALCALCO","27","03","2703",2736,16580,14670,1014,5545,979,616,116490,2006,790,236,49,179,185,225,45,20,2896,1072,147,720,17,1190,25,4332,172764,240831,18685,128876,19639,1190,4349,168415
"Tabasco","VILLAHERMOSA","27","04","2704",5282,12031,2372,702,5439,1108,756,174813,2155,358,86,44,54,250,158,74,9,5719,1727,187,1245,48,2858,58,2800,220333,309831,13980,191285,9304,2858,2848,217485
"Tabasco","PARAISO","27","05","2705",3678,14121,7545,2904,8379,1356,1242,162507,4806,354,134,35,110,155,271,46,26,3733,1352,172,1104,14,1513,20,5498,221075,295256,18765,182053,13212,1513,5512,215563
"Tabasco","VILLAHERMOSA","27","06","2706",4315,14647,4714,3756,7304,2160,1505,144373,3029,497,125,51,126,189,268,49,66,4875,1438,200,1077,107,2074,36,5297,202278,296208,20480,162296,11988,2074,5404,196874
"Tamaulipas","NUEVO LAREDO","28","01","2801",49681,22126,891,1128,5703,1125,805,55777,1875,851,279,258,28,235,201,62,27,2072,770,104,461,409,17788,108,3332,166096,310391,24584,66762,53113,17788,3741,162355
"Tamaulipas","REYNOSA","28","02","2802",41975,17436,885,832,7263,804,858,69567,4644,874,260,255,17,187,167,64,34,2656,878,144,750,273,11635,34,3084,165576,280245,19578,85902,45070,11635,3357,162219
"Tamaulipas","RIO BRAVO","28","03","2803",47888,27974,1640,801,9522,1302,786,66054,3515,761,329,260,34,156,249,51,25,2158,780,186,623,75,8742,37,4298,178246,293905,30042,82838,52214,8742,4373,173873
"Tamaulipas","H. MATAMOROS","28","04","2804",36421,23655,1233,800,8443,1258,480,80107,2312,863,213,225,15,208,293,95,63,2284,939,129,549,38,9448,105,3400,173576,298768,25594,94763,40228,9448,3438,170138
"Tamaulipas","CIUDAD VICTORIA","28","05","2805",59240,34101,948,725,12706,1567,1115,65038,3044,1163,257,469,25,365,292,135,34,2638,787,150,519,164,16389,95,4328,206294,299833,36767,84882,63669,16389,4492,201802
"Tamaulipas","CIUDAD MANTE","28","06","2806",67371,34056,3366,1791,8264,4819,1473,58272,3703,801,453,529,59,251,327,91,42,2139,649,135,576,27,7200,18,5780,202192,280872,38031,73738,77398,7200,5807,196385
"Tamaulipas","CIUDAD MADERO","28","07","2807",41739,18264,1116,1121,7937,1211,764,83283,2882,1173,277,279,19,252,220,60,14,3241,1109,152,699,80,12942,41,3392,182267,284880,20695,99303,45814,12942,3472,178795
"Tamaulipas","TAMPICO","28","08","2808",53937,18930,1066,879,8216,1010,478,85262,2487,1404,325,256,16,321,249,77,9,3261,976,142,587,27,17484,63,3306,200768,297197,20943,100931,58014,17484,3333,197435
"Tamaulipas","REYNOSA","28","09","2809",35648,10611,1120,590,8692,1010,537,80186,2518,713,263,312,19,86,154,22,37,2709,987,153,625,50,8539,18,2996,158595,282654,12037,95870,39085,8539,3046,155549
"Tlaxcala","APIZACO","29","01","2901",21201,24818,2272,1667,14044,1450,1107,99231,3611,781,269,151,42,614,573,91,35,4823,1644,258,978,122,10013,151,4987,194933,300472,28905,124589,26166,10013,5109,189824
"Tlaxcala","TLAXCALA DE XICOHTENCATL","29","02","2902",15893,20931,2289,965,13470,1520,968,131083,4466,794,263,145,35,653,565,154,30,6826,2048,267,1564,40,8136,56,3617,216778,312644,24266,159724,20939,8136,3657,213121
"Tlaxcala","ZACATELCO","29","03","2903",14817,18485,2262,893,14431,1464,1182,119645,4961,621,242,127,29,493,353,113,38,5759,1814,297,1287,51,7787,69,3781,201001,308900,21557,148194,19562,7787,3832,197169
"Veracruz","PANUCO","30","01","3001",43569,19486,2583,2484,5342,2193,1215,64471,5394,681,363,154,18,199,479,51,24,1966,572,149,746,60,4444,17,4208,160868,241139,23938,78640,49561,4444,4268,156600
"Veracruz","TANTOYUCA","30","02","3002",49861,23662,11582,7376,6309,3707,1484,58893,2190,758,850,105,51,250,845,63,57,1293,443,92,400,87,1882,13,5745,177998,246309,33737,69620,66914,1882,5832,172166
"Veracruz","TUXPAN DE RODRIGUEZ CANO","30","03","3003",40747,19551,2214,1803,4562,1565,855,77269,1657,736,488,141,23,213,441,48,20,1868,656,91,548,69,5569,51,3855,165040,248900,22931,86651,45914,5569,3924,161116
"Veracruz","VERACRUZ","30","04","3004",58252,11220,1724,1555,4769,887,486,83854,1623,1728,964,302,19,204,411,31,23,2319,835,86,608,27,13551,125,3312,188915,321098,13930,94094,63876,13551,3339,185576
"Veracruz","POZA RICA DE HIDALGO","30","05","3005",21993,14304,10236,808,4633,883,733,91964,1506,1215,1147,105,67,207,268,50,16,2594,1019,95,606,29,7404,51,3643,165576,250521,16386,102417,35646,7404,3672,161904
"Veracruz","PAPANTLA DE OLARTE","30","06","3006",38868,22603,11866,3412,6120,5421,1499,82534,2274,1030,801,215,66,267,636,61,44,1893,604,107,564,56,3806,90,4698,189535,286127,28522,94096,58267,3806,4754,184781
"Veracruz","MARTINEZ DE LA TORRE","30","07","3007",36384,20850,3957,2455,5639,4083,1222,89533,2148,957,598,319,46,200,739,49,21,1967,753,107,651,33,4690,99,5352,182852,283027,25536,100798,46344,4690,5385,177467
"Veracruz","XALAPA","30","08","3008",53917,23222,7841,2970,5744,2028,1080,92297,2384,1374,1153,238,35,291,1016,52,35,2100,762,137,650,52,7060,52,5065,211555,315892,28666,104074,66586,7060,5117,206438
"Veracruz","COATEPEC","30","09","3009",46169,24628,5902,1057,5342,1646,1014,78493,2238,1155,977,191,34,229,677,54,18,1793,637,114,553,63,7096,43,5105,185228,272503,27677,89170,56074,7096,5168,180060
"Veracruz","XALAPA","30","10","3010",44080,19157,2022,1321,4888,1303,829,116607,2208,1175,495,200,24,344,580,56,22,2985,1044,136,794,59,15677,122,3922,220050,323195,22309,128662,49299,15677,3981,216069
"Veracruz","COATZACOALCOS","30","11","3011",21691,14838,2307,459,4170,956,1098,131941,2535,947,311,118,27,272,331,48,9,5241,1087,197,1228,40,5889,45,3625,199410,305208,17055,146399,26357,5889,3665,195745
"Veracruz","VERACRUZ","30","12","3012",82144,17258,1434,2034,4923,1428,600,83734,2140,1924,909,435,22,296,651,50,28,2193,826,97,569,130,12629,168,4209,220831,336028,20917,94482,88296,12629,4339,216492
"Veracruz","HUATUSCO","30","13","3013",53512,22827,4095,2454,5563,1903,1236,88564,2280,1010,684,224,43,247,782,70,35,1790,745,112,722,48,5386,93,5688,200113,303513,27651,99776,61471,5386,5736,194377
"Veracruz","MINATITLAN","30","14","3014",28841,15851,4593,953,6238,1635,1037,98771,2497,1334,709,177,38,262,353,43,25,3500,951,162,820,117,3685,69,4766,177427,276057,18524,112939,37327,3685,4883,172544
"Veracruz","ORIZABA","30","15","3015",37981,18335,6522,2218,5975,2017,889,97271,2481,1331,864,260,47,269,743,52,34,3212,967,202,761,77,9264,73,5434,197279,292558,22540,110869,49022,9264,5511,191768
"Veracruz","CORDOBA","30","16","3016",39818,21745,2932,1225,5823,1541,891,108473,2851,1080,463,185,34,289,670,58,10,3131,922,134,997,81,9179,61,4490,207083,302994,24888,122331,46053,9179,4571,202512
"Veracruz","COSAMALOAPAN","30","17","3017",42485,17441,6551,1426,6437,1974,975,85439,1970,978,886,180,38,214,555,34,12,2414,1031,145,702,50,3602,37,5620,181196,287016,20657,98138,53092,3602,5670,175526
"Veracruz","ZONGOLICA","30","18","3018",36343,23439,10122,2734,7862,4907,1337,87121,3001,1176,1003,359,113,245,892,59,40,2633,847,168,722,48,4342,52,7555,197120,283145,28746,102354,54023,4342,7603,189517
"Veracruz","SAN ANDRES TUXTLA","30","19","3019",44302,14907,9549,4154,4954,2066,1441,84638,2432,1661,1144,303,93,298,802,100,41,2296,766,137,668,63,4180,17,6988,188000,303659,21743,95891,59118,4180,7051,180949
"Veracruz","COSOLEACAQUE","30","20","3020",26711,22009,6355,890,5808,2056,1040,110797,3139,803,746,119,34,283,564,47,23,3185,788,155,788,35,3352,19,4758,194504,297029,24856,124660,36824,3352,4793,189711
"Yucatán","VALLADOLID","31","01","3101",53703,71015,2261,4652,5695,3046,2020,69897,2430,358,201,256,12,263,581,75,45,1354,410,80,394,68,3459,24,4479,226778,278151,78651,80260,59837,3459,4547,222231
"Yucatán","PROGRESO","31","02","3102",50156,55830,4034,7179,8418,3467,3938,66887,3748,461,252,453,32,328,495,157,82,2125,630,105,599,67,5919,31,5841,221234,293836,68009,82512,58855,5919,5908,215326
"Yucatán","MERIDA","31","03","3103",51507,45619,998,954,8559,1136,655,90716,3083,1027,239,607,32,839,1053,120,9,3734,1055,180,783,76,12745,104,5065,230895,341019,49249,108110,55546,12745,5141,225754
"Yucatán","MERIDA","31","04","3104",76779,47129,940,1016,7682,1179,721,85135,2621,1308,265,716,34,795,938,116,38,3159,869,150,667,153,14065,122,4684,251281,338827,50753,100283,81221,14065,4837,246444
"Yucatán","TICUL","31","05","3105",50548,63886,9106,5874,11674,3374,6818,67312,2433,406,725,276,52,192,393,140,45,1283,514,90,320,20,2914,49,5436,233880,292229,77348,83626,64487,2914,5456,228424
"Zacatecas","FRESNILLO","32","01","3201",26558,28880,5482,3382,14848,1889,1947,67041,2458,838,660,186,49,267,373,75,50,2569,1554,166,500,176,10035,91,4895,174969,277083,34974,89136,35662,10035,5071,169898
"Zacatecas","JEREZ DE GARCIA SALINAS","32","02","3202",38638,35019,9862,9308,14919,2946,2236,56319,3605,1266,905,238,80,197,449,92,95,1886,820,145,465,208,8682,36,7295,195711,307015,47396,78159,53935,8682,7503,188208
"Zacatecas","ZACATECAS","32","03","3203",25842,34152,3928,5324,15567,1714,7555,75827,2817,849,474,153,40,308,441,152,73,2645,1457,192,539,159,9455,87,5891,195641,291084,48005,99044,33000,9455,6050,189591
"Zacatecas","GUADALUPE","32","04","3204",20967,42404,8447,2407,15606,3038,1584,75488,2865,780,415,142,113,266,412,79,30,2654,1243,161,554,116,7995,83,5476,193325,287277,47182,98571,33902,7995,5592,187733
